order_id;return_comment;return_comment_date
278758062;addressee unknown;27.05.2015
283411225;addressee unknown;27.05.2015
279185711;addressee unknown;27.05.2015
259557441;addressee unknown;27.05.2015
281513849;addressee unknown;28.05.2015
280767160;addressee unknown;28.05.2015
277558948;addressee unknown;28.05.2015
283461553;addressee unknown;28.05.2015
276976027;addressee unknown;28.05.2015
280732100;addressee unknown;28.05.2015
279205168;addressee unknown;28.05.2015
283434223;addressee unknown;28.05.2015
285929983;addressee unknown;28.05.2015
281939046;addressee unknown;28.05.2015
281147943;addressee unknown;28.05.2015
283455843;addressee unknown;28.05.2015
282901345;addressee unknown;28.05.2015
281159967;addressee unknown;28.05.2015
274429694;addressee unknown;28.05.2015
278854326;addressee unknown;28.05.2015
275063781;addressee unknown;28.05.2015
283428619;addressee unknown;28.05.2015
283430440;addressee unknown;28.05.2015
283459383;addressee unknown;28.05.2015
283462065;addressee unknown;28.05.2015
283450411;addressee unknown;28.05.2015
284866443;addressee unknown;28.05.2015
275498527;addressee unknown;28.05.2015
279359585;addressee unknown;28.05.2015
283453975;addressee unknown;28.05.2015
279498943;addressee unknown;28.05.2015
278952440;addressee unknown;28.05.2015
273388251;addressee unknown;28.05.2015
267723135;addressee unknown;28.05.2015
279709632;addressee unknown;28.05.2015
279759837;addressee unknown;28.05.2015
285966780;addressee unknown;28.05.2015
281513849;addressee unknown;28.05.2015
281531186;addressee unknown;28.05.2015
284207768;addressee unknown;29.05.2015
282946312;addressee unknown;01.06.2015
283789523;addressee unknown;01.06.2015
278822970;addressee unknown;01.06.2015
283468990;addressee unknown;01.06.2015
283459726;addressee unknown;01.06.2015
286205995;addressee unknown;02.06.2015
284209203;addressee unknown;03.06.2015
281553447;addressee unknown;03.06.2015
283426861;addressee has moved;03.06.2015
283435473;addressee unknown;03.06.2015
283456306;addressee unknown;03.06.2015
284356534;addressee unknown;03.06.2015
283425580;addressee unknown;03.06.2015
283450390;addressee unknown;03.06.2015
283418626;addressee unknown;03.06.2015
283435601;addressee has moved;03.06.2015
283468034;addressee unknown;03.06.2015
282980147;addressee unknown;03.06.2015
283425539;addressee unknown;03.06.2015
279429142;addressee unknown;03.06.2015
283835076;addressee unknown;03.06.2015
285349942;addressee has moved;08.06.2015
283449259;addressee unknown;08.06.2015
288261872;addressee unknown;08.06.2015
283435669;addressee unknown;08.06.2015
285732627;addressee unknown;08.06.2015
283427263;addressee unknown;08.06.2015
283449757;addressee unknown;08.06.2015
283454811;addressee has moved;08.06.2015
276121486;addressee unknown;08.06.2015
286291406;addressee unknown;08.06.2015
283457582;addressee has moved;08.06.2015
271396330;addressee unknown;08.06.2015
283437664;addressee unknown;08.06.2015
283445792;addressee unknown;08.06.2015
286519164;addressee unknown;08.06.2015
284387545;addressee unknown;08.06.2015
283440870;addressee unknown;08.06.2015
283438476;addressee unknown;08.06.2015
286521921;addressee unknown;13.06.2015
286197854;addressee has moved;13.06.2015
284367098;addressee unknown;13.06.2015
288514131;addressee unknown;13.06.2015
288506199;addressee unknown;13.06.2015
283459718;addressee has moved;13.06.2015
283442064;addressee has moved;13.06.2015
288001481;addressee unknown;13.06.2015
275496879;addressee unknown;13.06.2015
283441106;addressee unknown;13.06.2015
283422701;addressee has moved;13.06.2015
290447303;addressee unknown;13.06.2015
283466950;addressee unknown;13.06.2015
288283844;addressee unknown;13.06.2015
286553279;addressee unknown;13.06.2015
283468284;addressee has moved;13.06.2015
283455768;addressee has moved;13.06.2015
288513006;addressee unknown;13.06.2015
286189643;addressee has moved;13.06.2015
286188710;addressee unknown;13.06.2015
284859732;addressee unknown;13.06.2015
288822763;addressee unknown;13.06.2015
288964072;addressee unknown;15.06.2015
288210877;addressee unknown;15.06.2015
284607889;addressee unknown;15.06.2015
286201940;addressee unknown;15.06.2015
289687498;addressee unknown;16.06.2015
292588853;addressee unknown;16.06.2015
286055717;addressee unknown;16.06.2015
291913976;addressee unknown;16.06.2015
283428672;addressee unknown;16.06.2015
291527488;addressee unknown;16.06.2015
279439977;addressee unknown;17.06.2015
291269726;addressee unknown;18.06.2015
268063088;addressee unknown;19.06.2015
292787464;addressee unknown;19.06.2015
270295228;addressee unknown;19.06.2015
294733362;addressee unknown;19.06.2015
288899227;addressee unknown;22.06.2015
294217452;addressee unknown;22.06.2015
292724287;addressee unknown;22.06.2015
295097444;addressee unknown;22.06.2015
291282881;addressee unknown;22.06.2015
295260158;addressee unknown;24.06.2015
295035673;addressee unknown;24.06.2015
296586734;addressee unknown;24.06.2015
295686940;addressee unknown;
295574377;addressee unknown;24.06.2015
293624788;addressee unknown;24.06.2015
291269178;addressee unknown;24.06.2015
294013635;addressee has moved;
291282460;addressee unknown;24.06.2015
283425391;addressee unknown;08.06.2015
283435714;addressee has moved;08.06.2015
283455286;addressee unknown;08.06.2015
283449164;addressee unknown;08.06.2015
286276022;addressee unknown;08.06.2015
286191657;addressee has moved;15.06.2015
295265328;addressee has moved;15.06.2015
288526214;addressee unknown;16.06.2015
291574844;addressee unknown;16.06.2015
289698067;addressee has moved;18.06.2015
297459904;addressee unknown;26.06.2015
295295163;addressee unknown;26.06.2015
285353090;addressee unknown;26.06.2015
291548191;addressee unknown;26.06.2015
297232540;addressee unknown;26.06.2015
296242363;addressee unknown;26.06.2015
297961131;addressee unknown;29.06.2015
294144932;addressee has moved;29.06.2015
296866091;addressee unknown;29.06.2015
297961131;addressee unknown;30.06.2015
296866091;addressee unknown;30.06.2015
299923937;addressee unknown;30.06.2015
293804717;addressee unknown;30.06.2015
298510571;addressee unknown;30.06.2015
296895195;addressee unknown;30.06.2015
299068198;addressee unknown;30.06.2015
299618262;addressee unknown;30.06.2015
297449410;addressee unknown;30.06.2015
299420629;addressee unknown;30.06.2015
297504633;addressee unknown;01.07.2015
298030220;addressee unknown;01.07.2015
299166883;addressee unknown;01.07.2015
298746905;addressee unknown;01.07.2015
298506478;addressee unknown;01.07.2015
294144210;addressee unknown;01.07.2015
299531543;addressee unknown;01.07.2015
301258428;addressee unknown;02.07.2015
299923937;addressee unknown;02.07.2015
298506478;addressee unknown;02.07.2015
297326100;addressee unknown;02.07.2015
297886903;addressee unknown;02.07.2015
295551310;addressee unknown;02.07.2015
294151751;addressee unknown;02.07.2015
291291657;addressee unknown;02.07.2015
297326100;addressee unknown;02.07.2015
297465385;addressee unknown;02.07.2015
300110529;addressee unknown;03.07.2015
293575959;addressee unknown;06.07.2015
301174702;addressee unknown;06.07.2015
298511511;addressee unknown;06.07.2015
297483257;addressee unknown;06.07.2015
291273399;addressee unknown;06.07.2015
300867074;addressee unknown;06.07.2015
299557386;addressee unknown;06.07.2015
298764018;addressee unknown;06.07.2015
298515887;addressee unknown;06.07.2015
299068198;addressee unknown;06.07.2015
291274532;addressee unknown;07.07.2015
302008268;addressee unknown;07.07.2015
302881432;addressee unknown;07.07.2015
298545884;addressee unknown;07.07.2015
296237030;addressee unknown;07.07.2015
294041761;addressee unknown;07.07.2015
298542872;addressee unknown;07.07.2015
301212264;addressee unknown;07.07.2015
291272654;addressee has moved;07.07.2015
299180951;addressee unknown;07.07.2015
301258428;addressee unknown;07.07.2015
301157806;addressee unknown;07.07.2015
294125572;addressee unknown;07.07.2015
291274033;addressee unknown;07.07.2015
302784477;addressee unknown;07.07.2015
297956835;addressee unknown;07.07.2015
300563137;addressee unknown;08.07.2015
277508857;addressee has moved;08.07.2015
295283099;addressee unknown;08.07.2015
294218844;addressee unknown;08.07.2015
291268443;addressee unknown;08.07.2015
291282754;addressee unknown;08.07.2015
291288227;addressee unknown;08.07.2015
303228136;addressee unknown;08.07.2015
291289896;addressee unknown;08.07.2015
289539258;addressee unknown;08.07.2015
300335102;addressee unknown;08.07.2015
303184619;addressee has moved;08.07.2015
291288284;addressee unknown;08.07.2015
303203772;addressee unknown;08.07.2015
300335102;addressee unknown;08.07.2015
291289793;addressee has moved;09.07.2015
291265211;addressee has moved;09.07.2015
302006000;addressee has moved;09.07.2015
301609396;addressee unknown;09.07.2015
291285819;addressee unknown;09.07.2015
291262224;addressee unknown;09.07.2015
301289380;addressee unknown;09.07.2015
301289416;addressee unknown;09.07.2015
301863074;addressee unknown;09.07.2015
303711698;addressee unknown;09.07.2015
303424339;addressee unknown;10.07.2015
291272391;addressee unknown;10.07.2015
304410039;addressee unknown;10.07.2015
291287950;addressee unknown;10.07.2015
304405481;addressee unknown;10.07.2015
303639587;addressee unknown;10.07.2015
291286041;addressee unknown;10.07.2015
304606427;addressee unknown;10.07.2015
303714120;addressee unknown;10.07.2015
301550702;addressee unknown;10.07.2015
291284578;addressee unknown;13.07.2015
304912403;addressee unknown;13.07.2015
291296184;addressee unknown;13.07.2015
303453056;addressee unknown;13.07.2015
303331991;addressee unknown;13.07.2015
296090368;addressee has moved;13.07.2015
304980019;addressee unknown;13.07.2015
299533521;addressee unknown;13.07.2015
297315257;addressee unknown;13.07.2015
299995437;addressee unknown;15.07.2015
300415120;addressee unknown;16.07.2015
304912403;addressee unknown;18.07.2015
298092197;addressee unknown;20.07.2015
304996806;addressee unknown;21.07.2015
304429993;addressee unknown;22.07.2015
305325154;addressee unknown;25.07.2015
297303095;addressee unknown;01.08.2015
304831123;addressee unknown;15.07.2015
304957460;addressee unknown;15.07.2015
304426158;addressee unknown;15.07.2015
287963989;addressee unknown;15.07.2015
305279091;addressee has moved;15.07.2015
304112166;addressee unknown;15.07.2015
305021121;addressee unknown;15.07.2015
307212825;addressee unknown;15.07.2015
305760529;addressee unknown;15.07.2015
303228150;addressee unknown;15.07.2015
298317242;addressee unknown;15.07.2015
302732918;addressee unknown;15.07.2015
297303095;addressee unknown;15.07.2015
303615689;addressee unknown;15.07.2015
299631260;addressee unknown;15.07.2015
305857156;addressee unknown;16.07.2015
303228578;addressee unknown;16.07.2015
304611922;addressee unknown;16.07.2015
301120337;addressee unknown;20.07.2015
292092832;addressee unknown;20.07.2015
296057813;addressee unknown;20.07.2015
296374279;addressee unknown;20.07.2015
310686698;addressee has moved;22.07.2015
308080950;addressee unknown;23.07.2015
307201278;addressee unknown;23.07.2015
305741741;addressee unknown;23.07.2015
304395187;addressee unknown;23.07.2015
306284526;addressee unknown;23.07.2015
306304612;addressee unknown;23.07.2015
306999318;addressee unknown;23.07.2015
291295858;addressee unknown;23.07.2015
305852613;addressee unknown;23.07.2015
308118528;addressee unknown;23.07.2015
307848997;addressee unknown;23.07.2015
307193896;addressee unknown;23.07.2015
306324695;addressee unknown;23.07.2015
306715918;addressee unknown;23.07.2015
306324653;addressee unknown;23.07.2015
306287552;addressee unknown;23.07.2015
307014628;addressee unknown;23.07.2015
308430297;addressee unknown;23.07.2015
296708767;addressee unknown;23.07.2015
307198049;addressee unknown;23.07.2015
304609444;addressee unknown;23.07.2015
312121923;addressee has moved;
305851899;addressee unknown;24.07.2015
309334932;addressee unknown;24.07.2015
308694910;addressee unknown;24.07.2015
308958971;addressee unknown;24.07.2015
304414694;addressee unknown;24.07.2015
306523637;addressee unknown;24.07.2015
309365226;addressee unknown;27.07.2015
309799701;addressee unknown;27.07.2015
278490966;addressee unknown;27.07.2015
310060964;addressee unknown;27.07.2015
301130932;addressee unknown;27.07.2015
309806498;addressee unknown;27.07.2015
305383105;addressee unknown;27.07.2015
308364568;addressee unknown;27.07.2015
305248849;addressee unknown;27.07.2015
311156360;addressee has moved;28.07.2015
311490129;addressee unknown;28.07.2015
304100065;addressee has moved;28.07.2015
310267058;addressee unknown;28.07.2015
311495197;addressee unknown;28.07.2015
311003570;addressee unknown;28.07.2015
308659576;addressee unknown;28.07.2015
310269330;addressee unknown;28.07.2015
310732485;addressee unknown;28.07.2015
309788784;addressee has moved;28.07.2015
310767176;addressee unknown;28.07.2015
308824382;addressee unknown;28.07.2015
304865523;addressee unknown;28.07.2015
310061036;addressee unknown;29.07.2015
310246183;addressee unknown;29.07.2015
310606069;addressee unknown;29.07.2015
309806376;addressee unknown;29.07.2015
306318379;addressee unknown;29.07.2015
311001203;addressee unknown;29.07.2015
312621094;addressee unknown;31.07.2015
310971100;addressee unknown;31.07.2015
312178476;addressee unknown;31.07.2015
309860776;addressee unknown;31.07.2015
310689229;addressee unknown;31.07.2015
312421299;addressee unknown;31.07.2015
312178630;addressee unknown;31.07.2015
310964343;addressee has moved;31.07.2015
291269223;addressee unknown;31.07.2015
312725381;addressee unknown;31.07.2015
311456771;addressee unknown;31.07.2015
312458295;addressee unknown;03.08.2015
313184196;addressee unknown;03.08.2015
312516179;addressee unknown;03.08.2015
311720653;addressee unknown;04.08.2015
312419153;addressee unknown;04.08.2015
311786168;addressee unknown;04.08.2015
308944166;addressee unknown;04.08.2015
313008056;addressee unknown;04.08.2015
313429867;addressee unknown;04.08.2015
310261831;addressee unknown;04.08.2015
312166833;addressee unknown;04.08.2015
312541475;addressee unknown;04.08.2015
312977551;addressee unknown;04.08.2015
310467824;addressee has moved;04.08.2015
310254255;addressee unknown;05.08.2015
314398898;addressee unknown;05.08.2015
315044399;addressee unknown;05.08.2015
312789596;addressee unknown;05.08.2015
312483243;addressee unknown;05.08.2015
308985029;addressee unknown;05.08.2015
297513482;addressee unknown;05.08.2015
312188377;addressee unknown;05.08.2015
288546668;addressee unknown;05.08.2015
315268677;addressee unknown;05.08.2015
311386319;addressee unknown;05.08.2015
313614437;addressee unknown;06.08.2015
315045898;addressee unknown;06.08.2015
312435732;addressee unknown;06.08.2015
312499048;addressee unknown;06.08.2015
313001283;addressee unknown;06.08.2015
314440821;addressee unknown;06.08.2015
312961505;addressee unknown;06.08.2015
314416986;addressee unknown;06.08.2015
311015192;addressee unknown;06.08.2015
312988474;addressee unknown;06.08.2015
314837345;addressee unknown;07.08.2015
312089583;addressee unknown;07.08.2015
315365285;addressee unknown;07.08.2015
315476034;addressee unknown;07.08.2015
313585218;addressee unknown;07.08.2015
317178309;addressee has moved;10.08.2015
313190050;addressee unknown;
314774809;addressee unknown;
315798751;addressee unknown;
316304396;addressee unknown;10.08.2015
315829185;addressee unknown;10.08.2015
317652518;addressee unknown;10.08.2015
316106080;addressee unknown;10.08.2015
313203412;addressee unknown;10.08.2015
312117355;addressee unknown;10.08.2015
316119998;addressee unknown;11.08.2015
316516164;addressee unknown;11.08.2015
314813303;addressee unknown;11.08.2015
309297197;addressee unknown;11.08.2015
315476863;addressee unknown;11.08.2015
311753708;addressee unknown;11.08.2015
317304350;addressee unknown;11.08.2015
317455122;addressee unknown;12.08.2015
317410806;addressee unknown;12.08.2015
316091596;addressee unknown;12.08.2015
314083500;addressee unknown;12.08.2015
282864457;addressee unknown;13.08.2015
315475464;addressee unknown;13.08.2015
312121923;addressee unknown;13.08.2015
315798751;addressee unknown;13.08.2015
317737306;addressee unknown;13.08.2015
311996117;addressee unknown;13.08.2015
316090955;addressee unknown;13.08.2015
313501761;addressee unknown;13.08.2015
316489523;addressee unknown;13.08.2015
318469209;addressee unknown;17.08.2015
318464033;addressee unknown;17.08.2015
308744684;addressee unknown;17.08.2015
282864457;addressee unknown;17.08.2015
317237965;addressee unknown;17.08.2015
308855545;addressee unknown;17.08.2015
313001543;addressee unknown;17.08.2015
315389090;addressee unknown;17.08.2015
310254662;addressee unknown;17.08.2015
309702264;addressee has moved;17.08.2015
307006768;addressee unknown;17.08.2015
309784977;addressee unknown;17.08.2015
307589318;addressee unknown;17.08.2015
316499265;addressee unknown;17.08.2015
307200808;addressee unknown;17.08.2015
308111211;addressee unknown;17.08.2015
308937922;addressee unknown;17.08.2015
307402204;addressee unknown;18.08.2015
314218794;addressee unknown;18.08.2015
310063017;addressee unknown;18.08.2015
306176508;addressee unknown;18.08.2015
314191961;addressee unknown;18.08.2015
306756534;addressee unknown;18.08.2015
312742714;addressee unknown;18.08.2015
312163424;addressee unknown;18.08.2015
317786163;addressee unknown;18.08.2015
313002441;addressee unknown;18.08.2015
312600083;addressee unknown;18.08.2015
311430191;addressee unknown;18.08.2015
310957851;addressee unknown;18.08.2015
318055595;addressee unknown;18.08.2015
317706324;addressee unknown;18.08.2015
314839507;addressee unknown;18.08.2015
306260340;addressee unknown;18.08.2015
307450650;addressee unknown;18.08.2015
316091596;addressee unknown;18.08.2015
318433290;addressee unknown;18.08.2015
315252498;addressee unknown;18.08.2015
317293333;addressee unknown;18.08.2015
311602458;addressee unknown;18.08.2015
307567319;addressee unknown;18.08.2015
308239033;addressee unknown;18.08.2015
308824134;addressee unknown;19.08.2015
307196731;addressee unknown;19.08.2015
307594985;addressee unknown;19.08.2015
318060069;addressee unknown;19.08.2015
312192240;addressee unknown;19.08.2015
315479617;addressee unknown;19.08.2015
322546939;addressee has moved;
313428438;addressee unknown;20.08.2015
315291003;addressee unknown;20.08.2015
298308691;changed adresse;
312750487;addressee unknown;
318877638;addressee unknown;
299583341;addressee unknown;24.08.2015
319051763;addressee unknown;24.08.2015
313184216;addressee unknown;24.08.2015
312790115;addressee unknown;24.08.2015
312981900;addressee unknown;24.08.2015
312985514;addressee unknown;24.08.2015
297444652;addressee unknown;24.08.2015
318873858;addressee unknown;24.08.2015
315083706;addressee unknown;24.08.2015
315827958;addressee unknown;24.08.2015
322688054;addressee unknown;24.08.2015
319088674;addressee unknown;24.08.2015
312403435;addressee unknown;24.08.2015
299134581;addressee unknown;24.08.2015
316110651;addressee unknown;24.08.2015
315476745;addressee unknown;24.08.2015
312419797;addressee unknown;24.08.2015
313178607;addressee unknown;24.08.2015
316295899;addressee unknown;24.08.2015
311166771;addressee unknown;24.08.2015
308217277;addressee unknown;25.08.2015
299630584;addressee unknown;25.08.2015
310067485;addressee unknown;25.08.2015
313607407;addressee unknown;25.08.2015
321362487;addressee unknown;24.08.2015
317812873;addressee unknown;24.08.2015
318863654;addressee unknown;24.08.2015
298012037;addressee unknown;24.08.2015
321133956;addressee unknown;24.08.2015
321775467;addressee unknown;24.08.2015
319914627;addressee unknown;24.08.2015
317438651;addressee unknown;24.08.2015
299471283;addressee unknown;24.08.2015
297886468;addressee unknown;24.08.2015
299187059;addressee unknown;24.08.2015
312087350;addressee unknown;24.08.2015
297697596;addressee unknown;24.08.2015
316291814;addressee unknown;24.08.2015
300506604;addressee unknown;24.08.2015
312988900;addressee unknown;24.08.2015
319946404;addressee unknown;24.08.2015
299189164;addressee unknown;24.08.2015
317740942;addressee unknown;24.08.2015
316120174;addressee unknown;27.08.2015
320918499;addressee unknown;27.08.2015
313563229;addressee unknown;27.08.2015
323993904;addressee unknown;28.08.2015
323208069;addressee unknown;28.08.2015
321418903;addressee unknown;28.08.2015
323451143;addressee unknown;28.08.2015
312995766;addressee unknown;28.08.2015
323210171;addressee unknown;28.08.2015
324810776;addressee unknown;28.08.2015
323685618;addressee unknown;28.08.2015
322697841;addressee unknown;28.08.2015
322045352;addressee unknown;28.08.2015
322272925;addressee unknown;29.08.2015
313730949;addressee unknown;29.08.2015
320367141;addressee unknown;29.08.2015
324594327;addressee unknown;29.08.2015
323097551;addressee unknown;29.08.2015
317419271;addressee unknown;29.08.2015
323899494;addressee unknown;29.08.2015
322043166;addressee unknown;29.08.2015
322992699;addressee unknown;27.08.2015
322046377;addressee unknown;27.08.2015
323513340;addressee unknown;27.08.2015
323958364;addressee unknown;27.08.2015
323021145;addressee unknown;27.08.2015
323207847;addressee unknown;27.08.2015
322698411;addressee unknown;27.08.2015
321782597;addressee unknown;27.08.2015
312560826;addressee unknown;31.08.2015
323680954;addressee unknown;31.08.2015
319091416;addressee unknown;31.08.2015
324840656;addressee unknown;31.08.2015
320338936;addressee unknown;31.08.2015
325430405;addressee unknown;31.08.2015
322974874;addressee unknown;31.08.2015
323556457;addressee unknown;31.08.2015
323548902;addressee unknown;31.08.2015
312048376;addressee unknown;31.08.2015
312745847;addressee unknown;31.08.2015
323592085;addressee unknown;31.08.2015
324603509;addressee unknown;31.08.2015
324851160;addressee unknown;31.08.2015
319055201;addressee unknown;31.08.2015
323562620;addressee unknown;31.08.2015
324450571;addressee unknown;31.08.2015
312739355;addressee unknown;25.08.2015
317270378;addressee unknown;25.08.2015
322055058;addressee unknown;25.08.2015
300082377;addressee unknown;25.08.2015
319926471;addressee unknown;25.08.2015
312570338;addressee unknown;25.08.2015
322499209;addressee unknown;25.08.2015
319926471;addressee unknown;25.08.2015
317812873;addressee unknown;25.08.2015
318574498;addressee unknown;25.08.2015
319091416;addressee unknown;25.08.2015
325800542;addressee unknown;01.09.2015
325819766;addressee unknown;01.09.2015
325069430;addressee unknown;01.09.2015
323592065;addressee unknown;01.09.2015
324453876;addressee unknown;01.09.2015
324839327;addressee unknown;01.09.2015
323590107;addressee unknown;01.09.2015
319068499;addressee unknown;02.09.2015
322657409;addressee has moved;02.09.2015
323554646;addressee unknown;04.09.2015
319857184;addressee unknown;04.09.2015
321686802;addressee has moved;04.09.2015
323551613;addressee has moved;04.09.2015
325278216;addressee unknown;04.09.2015
325050232;addressee unknown;04.09.2015
323594332;addressee unknown;04.09.2015
323563160;addressee unknown;04.09.2015
327322085;addressee unknown;04.09.2015
327096103;addressee unknown;04.09.2015
325992140;addressee unknown;04.09.2015
325539524;addressee unknown;08.09.2015
325880727;addressee unknown;08.09.2015
323538397;addressee unknown;08.09.2015
324023723;addressee unknown;08.09.2015
325080401;addressee unknown;08.09.2015
325059617;addressee unknown;08.09.2015
325893447;addressee unknown;08.09.2015
323548358;addressee unknown;08.09.2015
323589604;addressee unknown;08.09.2015
328630111;addressee unknown;08.09.2015
327651344;addressee unknown;08.09.2015
324576704;addressee unknown;08.09.2015
329271917;addressee unknown;08.09.2015
325778689;addressee unknown;08.09.2015
325804175;addressee unknown;08.09.2015
325774000;addressee unknown;08.09.2015
329683457;addressee unknown;08.09.2015
325267378;addressee unknown;08.09.2015
330553992;addressee unknown;08.09.2015
330204915;addressee unknown;08.09.2015
325795761;addressee unknown;08.09.2015
330368819;addressee unknown;08.09.2015
328399908;addressee unknown;08.09.2015
323539046;addressee unknown;08.09.2015
323560008;addressee unknown;08.09.2015
329819202;addressee unknown;08.09.2015
330197864;addressee unknown;08.09.2015
330187874;addressee unknown;08.09.2015
329547450;addressee unknown;08.09.2015
329688992;addressee unknown;08.09.2015
322087994;addressee unknown;08.09.2015
323562165;addressee unknown;08.09.2015
325787694;addressee unknown;08.09.2015
325779981;addressee unknown;08.09.2015
291263354;addressee unknown;08.09.2015
329953114;addressee unknown;08.09.2015
325782742;addressee unknown;08.09.2015
324783670;addressee unknown;05.09.2015
323551876;addressee unknown;05.09.2015
320702029;addressee unknown;05.09.2015
323539828;addressee unknown;05.09.2015
326458812;addressee unknown;05.09.2015
328090513;addressee unknown;07.09.2015
327012334;addressee unknown;07.09.2015
328608288;addressee unknown;07.09.2015
323551933;addressee unknown;07.09.2015
328625650;addressee unknown;07.09.2015
323591100;addressee unknown;07.09.2015
309448213;addressee unknown;08.09.2015
300076149;addressee unknown;08.09.2015
302362350;addressee unknown;08.09.2015
322657409;addressee has moved;09.09.2015
323568309;addressee unknown;09.09.2015
325421798;addressee unknown;09.09.2015
334019376;addressee has moved;10.09.2015
307496695;addressee unknown;11.09.2015
318862374;addressee unknown;11.09.2015
320361810;addressee unknown;11.09.2015
323434660;addressee unknown;12.09.2015
320185285;addressee unknown;12.09.2015
322277763;addressee unknown;12.09.2015
302345905;addressee unknown;11.09.2015
323541931;addressee unknown;11.09.2015
325955520;addressee unknown;11.09.2015
325284503;addressee unknown;11.09.2015
323543763;addressee unknown;11.09.2015
323555071;addressee unknown;11.09.2015
323538454;addressee unknown;11.09.2015
326068794;addressee unknown;11.09.2015
323556700;addressee unknown;11.09.2015
326550588;addressee unknown;14.09.2015
329681282;addressee unknown;14.09.2015
328609535;addressee unknown;14.09.2015
330211126;addressee unknown;14.09.2015
331745626;addressee unknown;14.09.2015
323567438;addressee unknown;14.09.2015
331659884;addressee unknown;14.09.2015
323557692;addressee unknown;14.09.2015
329928588;addressee unknown;14.09.2015
325813963;addressee unknown;14.09.2015
323593676;addressee unknown;14.09.2015
332784599;addressee unknown;14.09.2015
323559347;addressee unknown;14.09.2015
330217381;addressee unknown;14.09.2015
331049931;addressee unknown;14.09.2015
329731992;addressee unknown;14.09.2015
329699433;addressee unknown;14.09.2015
331317895;addressee unknown;14.09.2015
331270556;addressee unknown;14.09.2015
325784092;addressee unknown;14.09.2015
325819269;addressee unknown;14.09.2015
325774232;addressee unknown;14.09.2015
302313685;addressee unknown;14.09.2015
303228966;addressee unknown;14.09.2015
331763539;addressee unknown;14.09.2015
329943576;addressee unknown;14.09.2015
328603781;addressee unknown;14.09.2015
325817840;addressee unknown;14.09.2015
325812095;addressee unknown;14.09.2015
329785061;addressee unknown;14.09.2015
325795260;addressee unknown;14.09.2015
323560008;addressee has moved;
324817817;addressee unknown;10.09.2015
328412624;addressee unknown;10.09.2015
323588615;addressee unknown;10.09.2015
320365172;addressee unknown;01.09.2015
323593027;addressee unknown;01.09.2015
323552114;addressee unknown;01.09.2015
323546974;addressee unknown;01.09.2015
323548118;addressee unknown;01.09.2015
326569054;addressee unknown;01.09.2015
330207221;addressee has moved;
323559347;addressee has moved;
325774754;addressee has moved;
325787837;addressee unknown;18.09.2015
33467993;addressee unknown;18.09.2015
334001204;addressee unknown;18.09.2015
318624161;addressee unknown;18.09.2015
332488636;addressee unknown;18.09.2015
334575813;addressee unknown;18.09.2015
333866193;addressee unknown;18.09.2015
334024249;addressee unknown;18.09.2015
334521778;addressee unknown;18.09.2015
328814107;addressee unknown;17.09.2015
333839045;addressee unknown;17.09.2015
334038008;addressee unknown;17.09.2015
325796607;addressee unknown;17.09.2015
323555651;addressee unknown;17.09.2015
333311732;addressee unknown;17.09.2015
291289003;addressee unknown;17.09.2015
332766818;addressee unknown;17.09.2015
330217737;addressee unknown;17.09.2015
330201028;addressee unknown;17.09.2015
333384306;addressee unknown;17.09.2015
333037426;addressee unknown;17.09.2015
335507561;addressee unknown;17.09.2015
333420766;addressee unknown;17.09.2015
325815774;addressee unknown;17.09.2015
334001308;addressee unknown;17.09.2015
325789515;addressee unknown;17.09.2015
333343248;addressee unknown;17.09.2015
334011432;addressee unknown;17.09.2015
330207221;addressee unknown;17.09.2015
330198877;addressee unknown;17.09.2015
331368214;addressee unknown;17.09.2015
325780771;addressee unknown;17.09.2015
325782647;addressee unknown;17.09.2015
331879707;addressee unknown;17.09.2015
334178115;addressee unknown;17.09.2015
333231935;addressee unknown;17.09.2015
331395155;addressee unknown;17.09.2015
332431417;addressee unknown;17.09.2015
325774151;addressee unknown;17.09.2015
334123299;addressee unknown;17.09.2015
301520655;addressee unknown;16.09.2015
328620235;addressee unknown;16.09.2015
332121361;addressee unknown;16.09.2015
331068973;addressee unknown;16.09.2015
332758161;addressee unknown;16.09.2015
331630013;addressee unknown;16.09.2015
330214685;addressee unknown;16.09.2015
332177864;addressee unknown;16.09.2015
325795846;addressee unknown;16.09.2015
332398421;addressee unknown;16.09.2015
333410281;addressee unknown;16.09.2015
332782206;addressee unknown;16.09.2015
323543103;addressee unknown;16.09.2015
326483272;addressee unknown;16.09.2015
323539746;addressee unknown;16.09.2015
330211357;addressee unknown;16.09.2015
323544483;addressee unknown;16.09.2015
331028080;addressee unknown;16.09.2015
323569451;addressee unknown;16.09.2015
330193543;addressee unknown;22.09.2015
291273926;addressee unknown;22.09.2015
335663513;addressee unknown;22.09.2015
336965871;addressee unknown;22.09.2015
334025085;addressee unknown;22.09.2015
332795769;addressee unknown;22.09.2015
315481705;addressee has moved;23.09.2015
334108775;addressee unknown;23.09.2015
334003178;addressee unknown;23.09.2015
337581509;addressee unknown;23.09.2015
336615290;addressee unknown;23.09.2015
331842237;addressee unknown;23.09.2015
335046872;addressee unknown;23.09.2015
334009958;addressee unknown;23.09.2015
333814401;addressee unknown;23.09.2015
335529389;addressee unknown;23.09.2015
337895515;addressee unknown;23.09.2015
337816743;addressee unknown;23.09.2015
339154648;addressee unknown;23.09.2015
283920258;addressee unknown;
279180108;addressee unknown;
286221051;addressee unknown;
286221051;addressee unknown;08.06.2015
283909931;addressee unknown;24.06.2015
288966931;addressee unknown;26.06.2015
295601757;addressee unknown;26.06.2015
287054437;addressee unknown;26.06.2015
282816639;addressee unknown;29.06.2015
294153609;addressee unknown;30.06.2015
291291744;addressee unknown;10.07.2015
301330058;addressee unknown;13.07.2015
300640542;addressee unknown;16.07.2015
304979503;addressee unknown;20.07.2015
306157602;addressee unknown;23.07.2015
315345703;addressee unknown;19.08.2015
311396021;addressee unknown;08.09.2015
325778921;addressee unknown;05.09.2015
322277763;addressee unknown;12.09.2015
328602429;addressee unknown;10.09.2015
309481496;addressee unknown;01.09.2015
329177241;addressee unknown;18.09.2015
334085148;addressee unknown;19.09.2015
332763019;addressee unknown;16.09.2015
223893218;addressee unknown;27.03.2015
224159268;addressee unknown;19.05.2015
231663251;addressee unknown;28.04.2015
232894457;addressee unknown;25.02.2015
234126843;addressee unknown;23.03.2015
238515801;addressee unknown;15.04.2015
240651191;addressee unknown;17.03.2015
241144872;addressee unknown;20.02.2015
241544211;addressee unknown;16.05.2015
241661043;addressee unknown;06.03.2015
242099489;addressee unknown;23.03.2015
242560270;addressee unknown;05.05.2015
243028093;addressee unknown;27.02.2015
245749744;addressee unknown;17.03.2015
246054932;addressee unknown;08.05.2015
246060936;addressee unknown;17.03.2015
246110394;addressee unknown;25.03.2015
246167689;addressee unknown;11.04.2015
246174054;addressee unknown;17.03.2015
246230506;addressee unknown;17.03.2015
246410840;addressee unknown;17.03.2015
246419504;addressee unknown;14.05.2015
246423546;addressee unknown;17.03.2015
246637272;addressee unknown;23.03.2015
246678303;addressee unknown;17.03.2015
246865170;addressee unknown;17.03.2015
247325937;addressee unknown;18.03.2015
247442184;addressee unknown;17.03.2015
247458178;addressee unknown;17.03.2015
247851563;addressee unknown;28.04.2015
248427673;addressee unknown;02.03.2015
248584170;addressee unknown;17.03.2015
248590224;addressee unknown;12.03.2015
249021316;addressee unknown;17.03.2015
249055745;addressee unknown;17.03.2015
249206466;addressee unknown;17.03.2015
249237990;addressee unknown;18.03.2015
249500210;addressee unknown;15.04.2015
249561694;addressee unknown;17.03.2015
249712210;addressee unknown;25.03.2015
250266277;addressee unknown;12.03.2015
250365758;addressee unknown;23.03.2015
250741641;addressee unknown;23.03.2015
250783749;addressee unknown;30.03.2015
251146249;addressee unknown;20.04.2015
251254356;addressee unknown;10.04.2015
251604351;addressee unknown;15.04.2015
252238319;addressee unknown;01.04.2015
252285555;addressee unknown;30.03.2015
253194132;addressee unknown;10.04.2015
253717119;addressee unknown;07.04.2015
254230367;addressee unknown;15.05.2015
254250048;addressee unknown;08.05.2015
254600188;addressee unknown;08.04.2015
254879553;addressee unknown;24.03.2015
255051728;addressee unknown;24.03.2015
255470486;addressee unknown;18.03.2015
255482346;addressee unknown;26.05.2015
256280111;addressee unknown;24.03.2015
257019307;addressee unknown;09.04.2015
257142412;addressee unknown;13.05.2015
257528949;addressee unknown;10.04.2015
257539970;addressee unknown;05.05.2015
257711443;addressee unknown;10.04.2015
257818779;addressee unknown;10.04.2015
258148421;addressee unknown;15.04.2015
258464818;addressee unknown;30.03.2015
258647734;addressee unknown;10.04.2015
258657231;addressee unknown;10.04.2015
258827975;addressee unknown;10.04.2015
259443721;addressee unknown;10.04.2015
260022746;addressee unknown;10.04.2015
260234320;addressee unknown;10.04.2015
260582787;addressee unknown;10.04.2015
261404858;addressee unknown;04.05.2015
261481133;addressee unknown;10.04.2015
262043300;addressee unknown;15.04.2015
262243092;addressee unknown;25.04.2015
263038048;addressee unknown;30.04.2015
263066757;addressee unknown;14.05.2015
263074585;addressee unknown;12.05.2015
263245062;addressee unknown;18.04.2015
263261029;addressee unknown;30.04.2015
264506638;addressee unknown;30.04.2015
264684004;addressee unknown;30.04.2015
264852466;addressee unknown;20.04.2015
265024733;addressee unknown;22.05.2015
265031148;addressee unknown;30.04.2015
265032775;addressee unknown;27.04.2015
265041744;addressee unknown;28.04.2015
265072943;addressee unknown;20.04.2015
265231082;addressee unknown;19.05.2015
265436923;addressee unknown;30.04.2015
266040889;addressee unknown;04.05.2015
266051503;addressee unknown;13.05.2015
266226086;addressee unknown;12.05.2015
266706420;addressee unknown;30.04.2015
266886187;addressee unknown;12.05.2015
267069942;addressee unknown;12.05.2015
267258271;addressee unknown;07.05.2015
267481644;addressee unknown;12.05.2015
267500036;addressee unknown;05.05.2015
267707507;addressee unknown;12.05.2015
268300408;addressee unknown;21.05.2015
268327584;addressee unknown;25.04.2015
268420394;addressee unknown;12.05.2015
268526802;addressee unknown;30.04.2015
268740611;addressee unknown;12.05.2015
268879830;addressee unknown;12.05.2015
268903755;addressee unknown;22.05.2015
268965127;addressee unknown;21.05.2015
269430212;addressee unknown;12.05.2015
269734630;addressee unknown;28.04.2015
269741645;addressee unknown;12.05.2015
269760876;addressee unknown;07.05.2015
269797824;addressee unknown;12.05.2015
269862352;addressee unknown;22.05.2015
269878911;addressee unknown;22.05.2015
270086804;addressee unknown;22.05.2015
270279651;addressee unknown;12.05.2015
270314140;addressee unknown;12.05.2015
270478916;addressee unknown;12.05.2015
270506338;addressee unknown;12.05.2015
270587210;addressee unknown;18.05.2015
271107982;addressee unknown;13.05.2015
271831834;addressee unknown;20.05.2015
271833893;addressee unknown;26.05.2015
271860932;addressee unknown;22.05.2015
272446177;addressee unknown;23.05.2015
272521843;addressee unknown;12.05.2015
272579384;addressee unknown;22.05.2015
272775417;addressee unknown;22.05.2015
272791610;addressee unknown;21.05.2015
272802122;addressee unknown;26.05.2015
272812964;addressee unknown;22.05.2015
272818314;addressee unknown;22.05.2015
272996857;addressee unknown;07.05.2015
273018454;addressee unknown;22.05.2015
273300908;addressee unknown;26.05.2015
273433862;addressee unknown;21.05.2015
273674313;addressee unknown;13.05.2015
273907427;addressee unknown;18.05.2015
274183705;addressee unknown;22.05.2015
274239598;addressee unknown;22.05.2015
274438072;addressee unknown;22.05.2015
274513191;addressee unknown;18.05.2015
274562909;addressee unknown;22.05.2015
274607986;addressee unknown;26.05.2015
274874362;addressee unknown;26.05.2015
275284616;addressee unknown;20.05.2015
275297328;addressee unknown;22.05.2015
275309264;addressee unknown;26.05.2015
275481488;addressee unknown;22.05.2015
275484471;addressee unknown;21.05.2015
275498582;addressee unknown;22.05.2015
275661330;addressee unknown;22.05.2015
275679129;addressee unknown;22.05.2015
275700127;addressee unknown;22.05.2015
275711528;addressee unknown;22.05.2015
276072747;addressee unknown;14.05.2015
276617436;addressee unknown;20.05.2015
276640205;addressee unknown;15.05.2015
276891947;addressee unknown;22.05.2015
276900314;addressee unknown;22.05.2015
276922996;addressee unknown;15.05.2015
276944654;addressee unknown;21.05.2015
276992083;addressee unknown;17.05.2015
277107135;addressee unknown;22.05.2015
277395157;addressee unknown;22.05.2015
277415802;addressee unknown;21.05.2015
277471128;addressee unknown;21.05.2015
277481614;addressee unknown;22.05.2015
278530175;addressee unknown;23.05.2015
278748738;addressee unknown;22.05.2015
278848318;addressee unknown;26.05.2015
278849944;addressee unknown;26.05.2015
278993536;addressee unknown;23.05.2015
279433873;addressee unknown;20.05.2015
279697688;addressee unknown;23.05.2015
279871698;addressee unknown;21.05.2015
279872203;addressee unknown;23.05.2015
281569115;addressee unknown;22.05.2015
282676449;addressee unknown;21.05.2015
282984971;addressee unknown;23.05.2015
283223644;addressee unknown;23.05.2015
288526214;addressee unknown;
294162199;addressee has moved;
